"","displayName","position","Expected","Actual","air_epa","Opportunities","Difference"
"1","A.J. Epenesa","DE",1.49155380136795,2.51387798087671,-1.35717250953894,2,1.02232417950876
"2","A.J. Klein","OLB",0.990414126884565,0,-0.837682172656059,1,-0.990414126884565
"3","A.J. Parker","CB",1.62089637055313,2.20275166793727,5.24384595686571,4,0.581855297384138
"4","A.J. Terrell","CB",4.59954916856821,2.7343476972892,8.70186770625877,10,-1.86520147127901
"5","Aaron Robinson","CB",0.431018435714161,0,-0.0524165356182493,1,-0.431018435714161
"6","Abdullah Anderson","DE",1.14381010092767,3.06754430977162,-0.960307306959294,1,1.92373420884395
"7","Adetokunbo Ogundeji","OLB",1.91708227111621,1.95454919495387,-1.22075515444158,2,0.037466923837665
"8","Adoree' Jackson","CB",6.71664435770334,0.360835265172036,7.37912019796204,15,-6.3558090925313
"9","Adrian Amos","FS",7.63791722481542,6.44870685029309,-3.36948097182903,9,-1.18921037452232
"10","Adrian Phillips","SS",6.31588234262917,1.70956181185525,2.10901349835331,9,-4.60632053077392
"11","Ahkello Witherspoon","CB",5.44059644509049,3.71773450658656,4.26315619098023,11,-1.72286193850392
"12","Ahmad Gardner","CB",9.67256619424377,5.0184333068032,-4.22369651513873,12,-4.65413288744057
"13","Aidan Hutchinson","DE",0.302727543638591,0.184198766655754,2.07928552170051,1,-0.118528776982837
"14","Akayleb Evans","CB",5.05432932246115,0.600786785362288,1.44224601518363,5,-4.45354253709887
"15","Akeem Davis-Gaither","OLB",4.48287771831029,5.79815436108038,-2.63868623948655,6,1.31527664277009
"16","Al-Quadin Muhammad","DE",1.03460422700311,0.799351511523128,0.252065454186753,2,-0.235252715479985
"17","Alex Anzalone","ILB",5.39221091787898,5.70309897710103,0.354988140577919,7,0.31088805922205
"18","Alex Singleton","OLB",6.85000276084535,5.53588910482358,-1.06961774575757,9,-1.31411365602176
"19","Alohi Gilman","SS",0.566948041110496,0.253122045774944,5.22473594627808,2,-0.313825995335552
"20","Alontae Taylor","CB",4.00167646853592,4.3933771623997,0.267602581996476,6,0.391700693863783
"21","Amani Hooker","FS",7.88081633040958,5.18582957412581,3.27204606187297,8,-2.69498675628376
"22","Amani Oruwariye","CB",3.48315634943731,2.68375439505326,7.98333023232408,8,-0.799401954384052
"23","Ambry Thomas","CB",0.380644835896403,0.103869404934812,0.774881446734071,2,-0.276775430961591
"24","Amik Robertson","CB",3.2326673640547,5.05386126291706,3.99839030957083,5,1.82119389886236
"25","Andre Cisco","SS",3.71756613207199,4.64731033530552,0.752937434706838,5,0.929744203233528
"26","Andrew Adams","SS",5.85363042973183,3.19597745139617,-1.72218841325958,9,-2.65765297833566
"27","Andrew Van Ginkel","OLB",2.87339549063475,3.88017535058316,-1.74345826124772,3,1.00677985994841
"28","Andrew Wingard","FS",0.769046760867013,0.0762229026295245,-0.504152182489634,1,-0.692823858237488
"29","Anthony Averett","CB",3.66246681096029,4.52534046140499,4.56569914240391,6,0.862873650444699
"30","Anthony Barr","OLB",5.89150885768208,1.59087313979398,-3.96991120890015,8,-4.30063571788809
"31","Anthony Brown","CB",7.53202933123163,5.73647184076253,6.78468669225493,14,-1.7955574904691
"32","Anthony Walker","MLB",2.26202918007328,0.18724308302626,-2.03370540868491,2,-2.07478609704702
"33","Antoine Winfield","FS",4.43760784821735,3.96161820937414,3.66701249335892,7,-0.475989638843204
"34","Antonio Hamilton","CB",3.11876430728986,2.1374279888114,1.12652690464166,4,-0.981336318478463
"35","Arden Key","OLB",2.51232645062709,3.13486681960058,-2.16236096946523,2,0.622540368973487
"36","Arthur Maulet","CB",4.3386589677241,3.07445018482394,2.96660190139665,6,-1.26420878290016
"37","Asante Samuel","CB",12.5888725325486,8.43436168064364,4.96563628129662,19,-4.15451085190494
"38","Austin Calitro","ILB",0.295653540875694,0,0.78127619496081,1,-0.295653540875694
"39","Avonte Maddox","CB",6.9010457044294,8.44483358052094,-0.303705720929429,9,1.54378787609154
"40","Baron Browning","ILB",1.75441752359398,1.2948091798462,-1.99049344938248,1,-0.45960834374778
"41","Baylon Spector","OLB",1.24855919152934,0.0173666509799659,-0.428113264671992,2,-1.23119254054937
"42","Ben Niemann","ILB",1.70211700706687,0.144254795333836,-0.633229742001276,2,-1.55786221173304
"43","Benjamin St-Juste","CB",7.17633605156676,4.2178854680725,13.5019072158029,12,-2.95845058349426
"44","Bilal Nichols","DT",1.96266017569577,0.600997421192005,-1.77778529177886,1,-1.36166275450376
"45","Blake Martinez","ILB",2.42400585169238,1.92524760600645,-0.117946912068874,3,-0.498758245685924
"46","Bobby McCain","FS",6.49096314109881,3.27511316165328,1.20639526756713,7,-3.21584997944553
"47","Bobby Okereke","ILB",7.03980379287912,4.58032667208991,-2.11514904169598,9,-2.45947712078922
"48","Bobby Price","FS",0.253106226336657,0.446785757201724,1.47921612963546,1,0.193679530865067
"49","Bobby Wagner","ILB",3.77285954327156,3.34131076453244,-1.86338496021926,4,-0.43154877873912
"50","Boye Mafe","OLB",3.1496660201174,1.11207871581428,-3.16027231537737,3,-2.03758730430313
"51","Bradley Chubb","OLB",1.72265621178956,1.69975180033361,-0.98733956849901,2,-0.022904411455952
"52","Bradley Roby","CB",6.85992739107893,13.416886832274,4.7951750883949,11,6.5569594411951
"53","Brandin Echols","CB",0.342152014003978,0,1.97380197182065,1,-0.342152014003978
"54","Brandon Facyson","CB",0.570719075793586,0.271398627082818,2.43575370043982,2,-0.299320448710768
"55","Brandon Graham","DE",0.983164430399784,0,-0.515010106842965,1,-0.983164430399784
"56","Brandon Jones","SS",6.57303316898665,5.433573671442,-3.13723040901824,9,-1.13945949754465
"57","Brandon Stephens","FS",6.29107205290113,4.26361834869022,-0.613947727368213,7,-2.02745370421091
"58","Brent Urban","DE",0.933069898115542,1.28895802202169,-0.835370415239595,1,0.355888123906148
"59","Brian Burns","OLB",0.294755111597794,0.0307679797988385,-0.100693752465304,1,-0.263987131798955
"60","Bryan Cook","SS",0.656109789681735,0.0710724368691444,-0.324251631274819,1,-0.585037352812591
"61","Bryce Callahan","CB",6.84982826251179,3.48426964582177,-3.57854205276817,7,-3.36555861669002
"62","Budda Baker","SS",2.65330567685608,2.42790923605208,0.858748813858258,4,-0.225396440804
"63","Byron Murphy","CB",5.2403240726657,3.9666398744525,4.80885405017761,13,-1.2736841982132
"64","C.J. Henderson","CB",11.2224858748713,8.10179082519608,5.89404572523799,18,-3.12069504967524
"65","C.J. Mosley","ILB",12.7180775201957,8.73209898674395,-2.68674051715062,16,-3.98597853345173
"66","Caden Sterns","FS",0.579950270116199,-0.0364039727719501,1.19323823426385,2,-0.616354242888149
"67","Calais Campbell","DE",1.2878717444626,2.21448105142917,-0.615002504957374,2,0.926609306966577
"68","Caleb Farley","CB",4.14747462051006,1.81138426932739,4.41063057648717,5,-2.33609035118267
"69","Cam Taylor-Britt","CB",1.61771617027444,1.27606774296146,2.23582460690522,4,-0.341648427312986
"70","Cameron Dantzler","CB",11.6057029174741,-0.539308615261688,3.98649758263491,19,-12.1450115327358
"71","Cameron Sutton","CB",6.29094160397454,6.07227312191389,0.75333270570263,9,-0.218668482060642
"72","Camryn Bynum","FS",2.81362815706851,0.310074128443376,4.6709906469332,5,-2.50355402862514
"73","Carl Nassib","OLB",1.50548070873753,1.12326010875404,-1.50644476385787,1,-0.38222059998349
"74","Carlton Davis","CB",6.1816599594796,2.01902062667068,8.21912913053529,11,-4.16263933280892
"75","Casey Hayward","CB",5.87171889138411,4.4924316087272,3.79476845299359,9,-1.37928728265691
"76","Chandler Jones","DE",0.739755049403516,1.48193567083217,-0.145278463838622,1,0.742180621428654
"77","Chandon Sullivan","CB",6.12219241390782,4.0649325909908,2.57761165488046,7,-2.05725982291703
"78","Charvarius Ward","CB",2.99605354749538,2.04186638980172,7.30148480681237,7,-0.954187157693656
"79","Chauncey Gardner-Johnson","SS",15.1856975266604,14.5848270471906,3.92714957613497,20,-0.600870479469821
"80","Chidobe Awuzie","CB",8.44070486445139,0.377522849070373,4.83849375072169,14,-8.06318201538101
"81","Chris Board","ILB",1.52808853866346,0.140081092948094,-1.39541587140411,1,-1.38800744571537
"82","Chris Harris","CB",4.64606710049366,1.98592535516946,2.98728611064143,8,-2.66014174532421
"83","Chris Lammons","CB",0.378526825321781,-0.507053925888613,0.96854444546625,1,-0.885580751210394
"84","Chris Rumph","OLB",1.8790581689908,2.09795304987347,-1.19463956460822,2,0.218894880882669
"85","Christian Benford","CB",4.76407753808885,6.51732201385312,-0.913210148981308,4,1.75324447576427
"86","Christian Harris","ILB",3.41779547361831,2.90165812458145,-0.846721816342324,4,-0.516137349036863
"87","Christian Jones","ILB",0.601605399643194,0.910581299336627,-0.0739291209029034,1,0.308975899693433
"88","Christian Kirksey","OLB",1.53285276289068,1.26583417400252,-0.0563684665830812,3,-0.267018588888162
"89","Christian Wilkins","DT",1.44170520420621,-0.126576191745698,-1.26230738975573,1,-1.56828139595191
"90","Chuck Clark","SS",7.63266752454266,3.5343221432413,-1.99495611450403,8,-4.09834538130137
"91","Clayton Fejedelem","SS",0.567845417796398,0,0.910421221808065,2,-0.567845417796398
"92","Coby Bryant","CB",9.87601563014208,5.71544517716394,6.14500892756041,17,-4.16057045297814
"93","Cody Barton","MLB",5.24684950821108,3.29075008738437,0.281938994361556,8,-1.95609942082671
"94","Cole Holcomb","ILB",7.28497511337953,6.60716375761268,-3.5833552761469,6,-0.677811355766848
"95","Cordale Flott","CB",1.24887920476651,0.218041196058039,1.56565873435466,2,-1.03083800870847
"96","Cornell Armstrong","CB",3.89792373027985,3.26405305787921,5.23535956337583,8,-0.633870672400641
"97","Cory Littleton","OLB",2.01075272019823,3.00155304418877,-0.620897679589689,3,0.990800323990531
"98","D.J. Reed","CB",8.50406322511499,1.96702936757356,5.60126765200402,16,-6.53703385754143
"99","D.J. Wonnum","OLB",1.32985489596551,1.93153577903286,-1.37222868064418,1,0.60168088306735
"100","Damar Hamlin","SS",3.19839766856077,3.94747391244163,6.63770653697429,6,0.749076243880857
"101","Damarion Williams","CB",4.54543399599485,2.16411878034705,1.09789103956427,6,-2.38131521564779
"102","Damarri Mathis","CB",12.2367240878081,9.48523681418738,4.08654641512943,19,-2.75148727362073
"103","Damien Wilson","MLB",1.01746395801848,0.417202452197671,1.33072810037993,2,-0.60026150582081
"104","Dane Belton","FS",2.31493223217952,2.33457701059524,5.7215468767099,5,0.0196447784157203
"105","Dane Jackson","CB",3.71005092478034,1.42456658137962,3.06713640195085,8,-2.28548434340071
"106","Danielle Hunter","OLB",3.54625408973548,0.754431427223608,-2.84006740548648,3,-2.79182266251187
"107","Danny Johnson","CB",0.554469771210215,0.681495817378163,-0.352806392591447,1,0.127026046167948
"108","Darious Williams","CB",8.21155981442656,6.42581879522186,-5.62986450694734,8,-1.7857410192047
"109","Darius Harris","ILB",3.39151293869672,3.03961556113791,-2.40241644787602,4,-0.351897377558809
"110","Darius Slay","CB",5.25847804119906,5.11530372593552,0.195734496111982,8,-0.143174315263543
"111","Darnay Holmes","CB",2.60654658295348,0.385554796783254,0.545922257064376,4,-2.22099178617023
"112","Darnell Savage","SS",5.02094622730155,5.42266939708497,7.63711757719285,8,0.401723169783419
"113","Daron Bland","CB",2.60980324044735,1.4784827309195,2.05918056599331,5,-1.13132050952785
"114","Darrell Taylor","OLB",1.69902410712263,0.247665450908244,-1.66379767889157,1,-1.45135865621439
"115","Darren Hall","CB",4.11709895448195,-2.92867698392366,4.97861154287238,9,-7.0457759384056
"116","Darrick Forrest","SS",4.30105060412701,1.49072889651871,2.27738074644002,8,-2.8103217076083
"117","David Long","CB",4.44025111203926,1.23746510586352,7.28862894914346,9,-3.20278600617574
"118","David Long","ILB",7.45417294875872,2.98085733398329,-3.44683227047789,8,-4.47331561477543
"119","Davon Godchaux","NT",0.701755351277055,1.3599361240631,-0.521141039789654,1,0.658180772786045
"120","Davon Hamilton","DT",0.892729345571395,2.02437488571741,-0.558382784714922,1,1.13164554014601
"121","Daxton Hill","FS",1.08104448944133,0,-1.19736705764258,1,-1.08104448944133
"122","De'Vondre Campbell","ILB",6.05075342952581,0.441486379888375,-2.97458820644533,9,-5.60926704963744
"123","Dean Marlowe","SS",1.04328452528051,0.392807336058468,1.91046883282251,2,-0.65047718922204
"124","Deatrich Wise","DE",2.26374495132254,4.43322946573607,-2.21078678080812,2,2.16948451441353
"125","Decobie Durant","CB",0.868083934025972,1.15661255281884,-0.514940765104257,1,0.288528618792868
"126","Dee Alford","CB",4.57098318846675,1.39046635847891,4.22063262873224,8,-3.18051682998784
"127","Dee Delaney","CB",0.795277663976621,0.813888355158269,1.63622851058608,2,0.0186106911816479
"128","Deion Jones","ILB",0.444229389523464,0.120690718991682,2.71279396861792,1,-0.323538670531782
"129","Demario Davis","MLB",6.45381712869484,4.12072258687113,-3.4785400396213,7,-2.33309454182371
"130","Demetrius Flannigan-Fowles","OLB",0.712882654899702,2.34949490433792,-0.193599672522396,1,1.63661224943822
"131","Demetrius Taylor","DT",1.37459731850414,0.476788332103752,-1.58201785432175,1,-0.897808986400388
"132","Denico Autry","DE",1.34405866394533,0.59816631115973,-1.11766041791998,1,-0.7458923527856
"133","Dennis Gardeck","OLB",1.69323872136026,2.44326240231749,-0.418785245041363,2,0.750023680957233
"134","Denzel Perryman","ILB",2.67174330570969,1.78418354911264,-1.12752116512274,4,-0.88755975659705
"135","Denzel Ward","CB",7.10812077145988,6.54063575190958,9.65302851161686,13,-0.567485019550301
"136","Deommodore Lenoir","CB",8.32291925941154,7.86518648493802,14.6487828146088,15,-0.457732774473517
"137","Derek Stingley","CB",4.2940388544471,2.39409360376885,13.2048145586741,11,-1.89994525067825
"138","Derion Kendrick","CB",6.68986708344506,3.24394104327176,1.73169921452063,14,-3.44592604017331
"139","Derrek Tuszka","OLB",0.372682918187177,0,1.0025318574626,1,-0.372682918187177
"140","Derrick Barnes","ILB",1.03854374889287,0.732892091735266,0.992043615086009,2,-0.305651657157605
"141","Derwin James","FS",11.2879180836075,9.34933991264552,0.393377704313027,13,-1.938578170962
"142","DeShon Elliott","FS",2.93179328529497,4.31905147084035,1.06084188772365,6,1.38725818554538
"143","Desmond King","CB",0.764686381954344,0.373621140024625,0.552200093457941,3,-0.391065241929719
"144","Devin Bush","ILB",1.41452763250475,0.767032658215612,0.737991620728284,3,-0.647494974289141
"145","Devin Lloyd","ILB",6.88171657178179,4.34120818821248,-1.08009229088202,8,-2.54050838356931
"146","Devin McCourty","FS",1.14052388237674,0.0348523946013302,1.50962315604556,3,-1.10567148777541
"147","Devin White","ILB",2.96981971523339,1.30369701905875,-0.698472448682879,5,-1.66612269617464
"148","Devon Kennard","OLB",1.73011573723543,1.48358609806746,-0.834351667435844,2,-0.24652963916797
"149","Divine Deablo","OLB",3.38224900797394,3.3539248239249,0.346607627114277,6,-0.0283241840490387
"150","Dominique Robinson","DE",0.728525321804318,-0.00493074080441147,-0.495893109356984,1,-0.733456062608729
"151","Donovan Wilson","SS",12.443688421935,14.0076445431271,-8.829575808777,10,1.56395612119209
"152","Donte Jackson","CB",13.4214466545804,9.9722954951576,4.6719721404165,20,-3.44915115942281
"153","Dorance Armstrong","DE",1.08220465761972,0.368010522273835,-0.178938527824357,2,-0.714194135345889
"154","Dre Greenlaw","ILB",6.74867446055265,8.07959057600237,-4.09774853428826,8,1.33091611544972
"155","Drue Tranquill","ILB",10.6943290082921,8.7700609097527,-2.47678896907019,11,-1.92426809853939
"156","Duke Riley","ILB",4.22628087306011,3.26693592657102,-2.293852869072,4,-0.959344946489089
"157","Duron Harmon","SS",3.47521280178943,6.1845671692281,2.34535320056602,4,2.70935436743867
"158","Dylan Cole","ILB",3.24051012651164,3.05339687527157,-0.842379874491593,5,-0.187113251240071
"159","E.J. Speed","OLB",0.670514314106605,1.14059464959428,-0.44447688292712,1,0.470080335487675
"160","Eddie Jackson","SS",5.01412197028682,3.39584335725522,10.5664524912136,10,-1.61827861303161
"161","Efe Obada","DE",1.32439205008316,2.46035872492939,-1.54163196217269,1,1.13596667484623
"162","Elandon Roberts","ILB",1.44588428603571,1.24238707212499,-0.49905544804642,2,-0.203497213910724
"163","Eli Apple","CB",8.2558791355446,6.18934254377382,7.42552104586504,13,-2.06653659177078
"164","Elijah Campbell","CB",0.266204387040432,0,1.95115831727162,1,-0.266204387040432
"165","Elijah Lee","OLB",1.26849360062878,2.43270754703553,-1.12732292478904,1,1.16421394640675
"166","Elijah Riley","CB",4.58313666896116,4.92931513581425,-3.68290505168261,1,0.346178466853091
"167","Emmanuel Moseley","CB",4.39622117242961,3.53223724197597,-0.784037421457469,6,-0.863983930453639
"168","Eric Kendricks","ILB",5.93744616240389,2.49900496847113,0.971647907717854,9,-3.43844119393276
"169","Eric Rowe","SS",8.1279888141429,1.24467899621231,0.737613221616655,13,-6.88330981793058
"170","Eric Stokes","CB",6.46847876726717,2.51376454380806,5.6276225663023,12,-3.9547142234591
"171","Erik Harris","FS",0.374998862529352,0,0.256678915699013,1,-0.374998862529352
"172","Ernest Jones","ILB",6.46690260975105,1.50190723710693,-1.97136968304403,7,-4.96499537264411
"173","Essang Bassey","CB",1.80291379818984,0.558709136676043,-1.39565599570051,1,-1.2442046615138
"174","Ezekiel Turner","ILB",0.321748583068167,0,0.525827425764874,1,-0.321748583068167
"175","Fabian Moreau","CB",3.83953408807646,2.21802808373468,3.41433590161614,8,-1.62150600434178
"176","Foyesade Oluokun","ILB",7.83200857540833,5.99082155118231,-3.84091802360489,10,-1.84118702422603
"177","Frank Clark","DE",1.9864762680192,1.35157895623706,-2.015539092361,2,-0.634897311782136
"178","Frankie Luvu","ILB",7.25414092721489,4.48349509743275,-4.60559487593128,5,-2.77064582978215
"179","Fred Warner","ILB",1.8267661252068,0.142497574473964,2.53288113634334,3,-1.68426855073284
"180","Geno Stone","SS",2.42531549503601,0.574227772885933,3.35873874649406,4,-1.85108772215008
"181","George Karlaftis","DE",1.08854040281778,1.47327832318842,-0.667323964415118,1,0.38473792037064
"182","Germaine Pratt","OLB",5.85820905055092,3.41812900925288,-3.25210750254337,6,-2.44008004129805
"183","Grant Delpit","SS",4.4774158511615,5.36202225406305,7.35422729482526,8,0.884606402901555
"184","Grant Haley","CB",4.94836974125986,5.92850854041171,-3.85327118058921,4,0.980138799151848
"185","Greedy Williams","CB",0.739970459498679,0,0.0179712031967938,1,-0.739970459498679
"186","Greg Newsome","CB",3.17870206256005,2.19459700357402,1.5327454895596,6,-0.984105058986029
"187","Grover Stewart","DT",1.18327825688231,0,-1.03327189432457,1,-1.18327825688231
"188","Haason Reddick","OLB",1.36912908577349,1.82510095689213,-0.476708254544064,2,0.455971871118634
"189","Harrison Smith","SS",5.34280352796048,2.80731291536847,5.6943946260144,10,-2.53549061259201
"190","Isaiah Oliver","CB",6.73249021816894,6.40850230626529,-1.11081141128671,6,-0.323987911903649
"191","Isaiah Rodgers","CB",3.33583536609457,0.611841212750577,-1.21484033518937,4,-2.723994153344
"192","Isaiah Simmons","DB",5.87447172694294,9.97540562163339,1.65983482112643,9,4.10093389469045
"193","Israel Mukuamu","SS",1.60453894082346,1.73100017104297,-1.23868576157838,2,0.126461230219511
"194","J.C. Jackson","CB",3.80020238174638,4.03657994588138,2.91257768362993,8,0.236377564135005
"195","Ja'Whaun Bentley","ILB",2.29008758623954,1.41407599369995,-1.61946709349286,2,-0.876011592539587
"196","Jabrill Peppers","SS",4.10783681006922,1.14879513348635,-2.40516865067185,4,-2.95904167658287
"197","Jace Whittaker","CB",11.5459430652897,3.63157748873346,-9.19405388971791,4,-7.91436557655622
"198","Jack Jones","CB",1.72973172360485,2.30746269016526,1.43803404504433,4,0.577730966560415
"199","Jack Sanborn","ILB",0.422571862266026,0.724437775381375,2.45731231581886,2,0.301865913115349
"200","Jacob Phillips","MLB",1.34910951871149,1.7285291790613,-0.819982836663257,2,0.379419660349805
"201","Jaelan Phillips","OLB",2.75180985944245,2.68654439924285,-2.53150362626184,2,-0.0652654601996008
"202","Jahlani Tavai","ILB",3.00073773416454,2.01250599115156,-1.78433030843735,3,-0.988231743012984
"203","Jaire Alexander","CB",4.69034393197603,2.90644845692441,-0.135257927409834,7,-1.78389547505162
"204","Jalen Mills","CB",4.85462939913168,2.78534807369579,6.3049521195353,9,-2.06928132543589
"205","Jalen Pitre","FS",5.8359175163027,5.96442250540713,7.1769775369321,11,0.128504989104435
"206","Jalen Ramsey","CB",6.09674314498328,1.68582905340008,1.77912197285332,9,-4.41091409158319
"207","Jalen Reeves-Maybin","OLB",0.546133192289187,0,-0.228915349231102,1,-0.546133192289187
"208","Jalen Thompson","FS",2.47156786136948,1.61190168699249,0.899164816597472,4,-0.859666174376986
"209","Jalyn Armour-Davis","CB",3.31394772908213,3.66163628961659,-0.357112922531084,4,0.347688560534459
"210","Jamel Dean","CB",4.30950479676037,2.07571023603668,5.43115254142322,11,-2.23379456072369
"211","James Bradberry","CB",8.35226909619686,8.24033352197148,5.8163407141692,13,-0.111935574225372
"212","James Pierre","CB",3.55859564397539,3.43571038468509,-0.394145186641253,5,-0.122885259290302
"213","Jamin Davis","OLB",7.81009337441,7.3896270027326,-3.95896367513342,10,-0.420466371677398
"214","Jaquan Brisker","SS",3.88323578300378,2.82619933178649,2.79052375158062,6,-1.05703645121729
"215","Jaquan Johnson","FS",2.48851263926045,3.02178348775488,0.557288708165285,3,0.533270848494429
"216","Jarran Reed","DT",0.23183801028661,-0.0777978646801785,-0.162725608854089,1,-0.309635874966789
"217","Javon Hargrave","DT",1.47916392381383,3.58735656927456,-1.52433902188204,1,2.10819264546073
"218","Jaycee Horn","CB",4.94932249467267,6.04349377274047,0.191390073764626,8,1.0941712780678
"219","Jaylen Watson","CB",10.1911602433107,3.40707073328666,5.20377506059594,16,-6.78408951002406
"220","Jaylinn Hawkins","FS",6.1206071271831,7.99481534468942,4.67191960505443,10,1.87420821750632
"221","Jaylon Johnson","CB",3.64415034519531,3.41235801461153,6.30866218858865,6,-0.231792330583784
"222","Jaylon Jones","CB",4.60327579047059,5.76443996164017,1.72061512561049,7,1.16116417116957
"223","Jaylon Smith","MLB",2.69679883021554,1.94463945832103,-2.26778983603599,2,-0.75215937189451
"224","Jayon Brown","OLB",3.73623733109347,2.64694888319355,-1.14530566427857,6,-1.08928844789993
"225","Jayron Kearse","FS",3.890004949755,1.14053484622855,-1.3422550301766,7,-2.74947010352646
"226","Jeff Okudah","CB",9.92500255482343,7.17327819706407,6.99677258648444,13,-2.75172435775936
"227","Jeremiah Owusu-Koramoah","OLB",4.09799838381691,3.46912039862946,-3.77467783610336,3,-0.628877985187456
"228","Jeremy Chinn","FS",4.65965245888612,4.53968903372879,5.78645549042267,6,-0.119963425157336
"229","Jeremy Reaves","FS",0.55932908408595,0.191690366598777,0.0738046115729958,1,-0.367638717487173
"230","Jerome Baker","ILB",5.95576574376445,2.34314837789861,-2.05783566395985,7,-3.61261736586584
"231","Jessie Bates","FS",2.81577617665646,1.19375163514633,2.89869600020955,4,-1.62202454151014
"232","Jevon Holland","FS",4.82455973354047,9.87199182106998,5.31879889249103,7,5.04743208752951
"233","Jimmie Ward","FS",1.70266014264456,1.41575729625765,0.73002927727066,4,-0.286902846386912
"234","Joe Thomas","ILB",0.938406016876181,0.823622573865578,-0.485185473633464,1,-0.114783443010603
"235","John Franklin-Myers","DE",1.05785510114585,0.199492787117137,-0.926954743685201,1,-0.858362314028713
"236","John Johnson","FS",6.69967959537149,3.53129452181748,-2.48975851765135,6,-3.16838507355401
"237","Johnathan Abram","SS",7.77414748053409,4.13940998434554,0.283632017351948,11,-3.63473749618855
"238","Jonas Griffith","ILB",3.59374643415027,2.52714530692902,-0.720239057554864,6,-1.06660112722125
"239","Jonathan Allen","DT",1.25067252821684,0.229585496825166,-1.19753296650015,1,-1.02108703139167
"240","Jonathan Jones","CB",3.46810767820768,2.62648686603643,7.94276987458579,7,-0.84162081217125
"241","Jonathan Owens","FS",0.286365843827049,-0.0570536504965276,0.839683058205992,1,-0.343419494323577
"242","Jonathon Cooper","OLB",1.08502510732563,0.801120592048392,-0.220631261356175,1,-0.283904515277238
"243","Jordan Fuller","SS",0.786322714479641,0,0.15912699745968,2,-0.786322714479641
"244","Jordan Hicks","ILB",12.0619656026162,5.98789098009002,-4.57268238143298,11,-6.07407462252618
"245","Jordan Poyer","SS",3.96149693577637,1.69532348401844,-0.383715864154509,4,-2.26617345175792
"246","Jordan Whitehead","SS",2.0184341702299,1.90692573529668,0.711931753670799,3,-0.111508434933221
"247","Jordyn Brooks","ILB",10.7602037875503,9.71843488508602,-2.02963504375656,14,-1.0417689024643
"248","Josey Jewell","ILB",5.63857611421437,2.09136381838471,-1.93589881196385,7,-3.54721229582966
"249","Josh Jackson","CB",3.15402892179116,0.258381424704567,1.2381193334004,4,-2.89564749708659
"250","Josh Jones","FS",2.77186483525875,7.69106917851605,7.98671115998877,6,4.9192043432573
"251","Josh Metellus","SS",1.55210868188686,0,-0.150779524294193,2,-1.55210868188686
"252","Josh Sweat","DE",1.12963341584465,-0.0158134045195766,-0.830150065710768,1,-1.14544682036423
"253","Josh Uche","OLB",0.334746554734244,1.29173059412278,0.840128751471639,1,0.956984039388536
"254","Joshua Kalu","FS",6.54320384214243,7.49393796868389,-3.76813175145071,4,0.950734126541468
"255","Joshua Williams","CB",2.42508929888271,0.283085182774812,-0.515882397361575,3,-2.1420041161079
"256","Josiah Scott","CB",1.33822451215848,3.90947983966907,-0.354825277056079,2,2.57125532751059
"257","Jourdan Lewis","CB",3.95222364672849,4.61490929091815,-2.68117526418064,6,0.662685644189659
"258","Juan Thornhill","FS",5.72258660067714,4.96613420036952,-0.119311770074995,6,-0.756452400307619
"259","Juju Hughes","FS",2.74202723379956,1.51234532613308,-0.0495288021629631,4,-1.22968190766649
"260","Julian Blackmon","FS",1.18266624664366,0.352628596941941,3.49660726980074,2,-0.830037649701716
"261","Julian Love","SS",1.7576402526898,1.61453242157586,4.83306110254489,5,-0.143107831113939
"262","Julian Okwara","OLB",0.522149207558964,0.291881639277562,1.16953424812527,2,-0.230267568281402
"263","Justin Bethel","FS",1.06871322784839,0.522170498617925,-0.667318824212998,2,-0.546542729230462
"264","Justin Coleman","CB",2.83002953373435,1.000644041659,-2.75170627637999,3,-1.82938549207534
"265","Justin Evans","SS",4.51646449328698,-2.51944904460106,-0.840304747340272,6,-7.03591353788804
"266","Justin Hollins","OLB",1.16525285565237,0.748796790285269,0.0384161041001789,1,-0.416456065367101
"267","Justin Jones","DT",1.60865489969625,0.433533471543342,-1.54281873488799,1,-1.17512142815291
"268","Justin Layne","CB",0.360285972418533,-0.0587043100385927,1.14327681245049,1,-0.418990282457126
"269","Justin Reid","SS",3.94241159714943,5.20259298785823,3.32415497707553,7,1.2601813907088
"270","Justin Simmons","FS",4.57383383971524,3.12959632405546,-1.92871239855256,6,-1.44423751565978
"271","Juston Burris","SS",2.29750649700574,2.4229992039036,3.02164417342283,4,0.125492706897866
"272","K'Von Wallace","SS",0.474693928802593,0.104401042568497,2.22139067586977,1,-0.370292886234096
"273","K'Waun Williams","CB",6.98125539715413,6.44039518618956,0.329712133097928,9,-0.540860210964565
"274","Kaden Elliss","OLB",1.34525673284231,1.78370952280239,0.7550213553477,2,0.438452789960073
"275","Kader Kohou","CB",13.1456321734106,7.68439705303171,-3.09236679895547,14,-5.46123512037891
"276","Kaiir Elam","CB",6.62467760034384,4.24439575456199,10.5381877428153,16,-2.38028184578185
"277","Kamren Curl","SS",3.45914846123511,3.82229448025584,2.38414191704942,7,0.363146019020729
"278","Kamu Grugier-Hill","ILB",4.13378043543928,3.39960611509742,2.28891701885732,7,-0.734174320341863
"279","Kareem Jackson","SS",4.43929181323603,3.12496169412043,1.91433384746779,7,-1.3143301191156
"280","Keanu Neal","FS",4.75856967132261,1.59585696115391,0.507588047708847,6,-3.1627127101687
"281","Keion Crossen","CB",1.65429180744241,2.98162499035243,2.47255500190658,3,1.32733318291002
"282","Keisean Nixon","CB",3.36966676921356,-3.45258637540974,-0.78854150511324,5,-6.8222531446233
"283","Keith Taylor","CB",3.43761955084596,0.451307179930155,7.18746483459837,8,-2.98631237091581
"284","Kendall Fuller","CB",6.00436281024518,6.13816954870708,8.54727989918319,10,0.133806738461904
"285","Kenneth Murray","ILB",5.76388342594603,6.39043933182256,-5.32656587002566,5,0.626555905876534
"286","Kenny Clark","NT",0.889313778019591,0.504911586642265,-1.03600810468197,1,-0.384402191377326
"287","Kenny Moore","CB",7.58336618076032,9.45937136712018,2.11523279827087,8,1.87600518635986
"288","Kerby Joseph","SS",3.10468025926346,-3.4375466541096,2.08763579271083,5,-6.54222691337306
"289","Kevin Byard","FS",5.45944876750946,3.85490733003826,8.97840055747656,9,-1.6045414374712
"290","Khalen Saunders","DT",0.310192622044865,0,0.484714462887496,1,-0.310192622044865
"291","Kindle Vildor","CB",2.06823565054089,0.415205336583312,5.60922408860642,6,-1.65303031395758
"292","Kristian Fulton","CB",8.06421464994729,7.56223437722656,6.29657668451546,13,-0.501980272720725
"293","Kristian Welch","ILB",0.336767554809399,0.215093456674367,1.311106557725,1,-0.121674098135032
"294","Kwon Alexander","OLB",6.81998759793193,2.52951045549708,-2.82327023963444,9,-4.29047714243485
"295","Kyle Dugger","FS",5.56167681495857,1.43820697278716,-3.73201347712894,5,-4.12346984217141
"296","Kyle Fuller","CB",0.690443937002326,0,4.23714335123077,2,-0.690443937002326
"297","Kyle Hamilton","FS",6.39016242498364,5.09632456548321,3.50813712767558,10,-1.29383785950044
"298","Kyle Van Noy","OLB",1.40871624758623,0.296694315969944,-1.55431867344305,1,-1.11202193161629
"299","Kyler Gordon","CB",8.98218955904026,8.09139123733621,5.48499973211438,13,-0.890798321704054
"300","Kyzir White","ILB",6.6018253188073,2.62473913858412,-3.77604520411114,9,-3.97708618022318
"301","L'Jarius Sneed","CB",9.2620096970316,4.66669112555114,2.78940245322883,10,-4.59531857148047
"302","Lamarcus Joyner","SS",5.07443547177352,5.85768553847447,-2.68249372579157,3,0.783250066700947
"303","Lavonte David","ILB",10.0686356031174,3.9254501696407,-1.37874930992256,9,-6.14318543347669
"304","Leighton Vander Esch","OLB",5.067281301433,2.70401715469779,-1.5440214695409,7,-2.36326414673521
"305","Leo Chenal","OLB",0.527234447519085,0.80793236172758,-0.143957231892273,1,0.280697914208495
"306","Leonard Floyd","DE",0.87141840320743,1.14266322413459,0.205401638522744,1,0.27124482092716
"307","Levi Wallace","CB",5.36648722862116,2.5953701819526,-4.14988651062595,5,-2.77111704666856
"308","Logan Ryan","FS",1.50478104636443,0.540934460586868,3.00810739648295,3,-0.963846585777558
"309","Logan Wilson","ILB",6.36176825608058,5.18018715342917,-4.97036570182536,6,-1.18158110265141
"310","Lonnie Johnson","CB",1.88771497148691,0.925080977380276,-0.928327189816628,1,-0.962633994106634
"311","M.J. Stewart","SS",0.934428072197512,0.541041703196242,-0.791102699935436,1,-0.39338636900127
"312","Mack Wilson","OLB",6.20077803093255,8.29487902729307,-1.49272535578347,5,2.09410099636051
"313","Malcolm Rodriguez","ILB",7.70102178955172,4.62289265077562,-3.54855110909557,8,-3.07812913877611
"314","Maliek Collins","DT",0.978316902412301,0,-0.535263636615127,1,-0.978316902412301
"315","Malik Harrison","OLB",1.96156419141803,1.18996591295581,-1.52904091920936,2,-0.771598278462216
"316","Malik Hooker","FS",3.00692711368222,1.12207490997389,-0.876684208808002,4,-1.88485220370833
"317","Marcell Harris","OLB",0.185235979643272,0,0.565231594955549,1,-0.185235979643272
"318","Marco Wilson","CB",8.4800867470665,4.43831246966147,5.75742928299587,13,-4.04177427740503
"319","Marcus Epps","SS",5.59283520578583,6.51361488108524,2.97238232096425,9,0.92077967529941
"320","Marcus Maye","FS",2.85590409064201,4.1549835249316,-1.47786082467065,3,1.29907943428958
"321","Marcus Peters","CB",4.99624784260733,6.56483102531638,3.02504791604588,11,1.56858318270906
"322","Marcus Williams","FS",2.42410797536805,1.19750256037508,4.46971737657441,6,-1.22660541499297
"323","Markus Bailey","ILB",0.659928534837679,2.42727657294017,-0.0980128650553524,1,1.76734803810249
"324","Markus Golden","OLB",0.872816595148069,0,-0.692766861233395,1,-0.872816595148069
"325","Marlon Humphrey","CB",5.88448753876914,1.35433386662044,1.58080279419664,9,-4.5301536721487
"326","Marquis Haynes","OLB",2.73966897929519,2.8822288538795,-2.36898911953904,2,0.14255987458431
"327","Marshon Lattimore","CB",1.35139983968901,1.12352866097353,1.10650950641139,4,-0.22787117871548
"328","Martin Emerson","CB",15.4172599099268,6.63875726488186,8.20279887353535,19,-8.77850264504495
"329","Matt Milano","OLB",2.70510672802061,0.265103647252544,-0.162638601381333,4,-2.44000308076806
"330","Matthias Farley","FS",0.457082111272987,0.881987041044608,-0.250908911635634,1,0.424904929771621
"331","Maxx Crosby","DE",1.35939861028582,1.53520115517313,-0.36777042155154,1,0.17580254488731
"332","Melvin Ingram","OLB",1.62677900661984,0.775010629789904,-0.627928780158978,2,-0.85176837682994
"333","Micah Hyde","FS",2.35954077189177,0.538707493338734,-2.1605267226696,1,-1.82083327855304
"334","Micah McFadden","ILB",6.59918739903515,7.49953245429788,-4.14427298068768,3,0.900345055262729
"335","Michael Carter","CB",7.38937614087159,4.01744116662303,3.67955699411686,10,-3.37193497424856
"336","Michael Davis","CB",6.86167857214175,6.54773497616406,3.09782115992856,10,-0.313943595977684
"337","Michael Jackson","CB",10.9580849094323,4.05375768162776,8.26172355556628,17,-6.90432722780457
"338","Mike Edwards","FS",6.91055173767517,7.99777575396001,7.50240928312997,12,1.08722401628484
"339","Mike Ford","CB",0.240032323854838,0.447199866175652,-0.000246918410994112,1,0.207167542320814
"340","Mike Hilton","CB",7.48450453956487,1.11245645338204,-0.25525168969762,9,-6.37204808618284
"341","Mike Hughes","CB",4.26404124001502,1.19543322249854,2.45350465230876,7,-3.06860801751649
"342","Minkah Fitzpatrick","FS",3.83022291640321,3.27187966066413,-2.37072836741069,3,-0.558343255739087
"343","Montravius Adams","NT",0.320187888848209,0.282059695106,0.748931932728738,1,-0.038128193742209
"344","Myjai Sanders","OLB",1.14995669141081,3.04060519504128,-0.832667363225482,1,1.89064850363047
"345","Mykal Walker","ILB",10.5959307574276,4.86972446664004,0.864822788280438,17,-5.7262062907876
"346","Myles Bryant","CB",5.62032910530663,0.535609919345006,4.89583233662415,9,-5.08471918596162
"347","Myles Hartsfield","FS",10.5109038211881,5.65130562870764,10.7381669071037,17,-4.85959819248046
"348","Myles Jack","ILB",10.7555341995563,6.53382359159877,-1.1081967393402,16,-4.22171060795756
"349","Nasir Adderley","FS",4.49650463669487,2.39924518612679,2.65671433554962,5,-2.09725945056808
"350","Nate Hobbs","CB",9.67536984435957,9.96624887335929,-2.23681899579241,12,0.290879028999719
"351","Neville Hewitt","ILB",0.654638165773752,0.0314812159631401,-0.138170702382922,1,-0.623156949810612
"352","Nicholas Morrow","OLB",8.38028680269005,6.58977761107963,-3.56354953255504,8,-1.79050919161042
"353","Nick Bolton","ILB",7.78355227207592,3.16201965881615,-2.45090706291376,10,-4.62153261325977
"354","Nick Cross","SS",3.21265260192315,3.76292490540073,-2.46406604698859,3,0.55027230347758
"355","Nick McCloud","CB",1.41423665012846,0.817558808252215,1.16993060318055,2,-0.596677841876241
"356","Nick Scott","SS",4.40667966355299,2.75445760755418,4.55436053057201,8,-1.65222205599881
"357","Nick Vigil","ILB",5.07698244128738,5.14306346589001,-0.941187557124069,7,0.0660810246026342
"358","Nik Needham","CB",1.23187772687428,0.0830788010498509,5.48430408327841,4,-1.14879892582443
"359","Noah Igbinoghene","CB",1.85999889321277,2.43986282288097,5.62850658537354,5,0.579863929668204
"360","Odafe Oweh","OLB",4.12577096121128,6.54037357436027,-1.82686195120914,4,2.41460261314899
"361","Oren Burks","OLB",0.506744395826663,0,-0.0567540102638304,1,-0.506744395826663
"362","Oshane Ximines","OLB",2.08053974078188,0.567807130573783,-1.75021763192489,2,-1.5127326102081
"363","Otito Ogbonnia","DT",0.438480525257499,1.38718734274153,0.0823430477175862,1,0.948706817484031
"364","P.J. Williams","CB",4.1109242182815,3.26759494189798,0.899592635629236,4,-0.843329276383523
"365","Patrick Peterson","CB",3.91461186805453,0.963886357261799,6.28684524912387,9,-2.95072551079273
"366","Patrick Queen","ILB",15.2758318401333,12.1051073865025,-8.20589101477526,13,-3.17072445363079
"367","Patrick Surtain","CB",8.7949738980774,4.20886450132821,2.35917562793475,13,-4.58610939674918
"368","Paulson Adebo","CB",11.8364939522953,9.93070249509765,3.53477939678125,17,-1.90579145719763
"369","Pete Werner","OLB",13.3633200122712,6.54303800809431,-6.62046574878349,12,-6.82028200417692
"370","Poona Ford","DE",1.0960627196092,1.8286350145936,-0.778640193864703,1,0.7325722949844
"371","Quandre Diggs","FS",4.06002683452374,5.60806305101142,-1.93215626012534,3,1.54803621648768
"372","Quay Walker","ILB",6.84794353155358,8.91019402790698,-3.96273620723514,6,2.06225049635339
"373","Quincy Williams","OLB",14.5735961886322,10.0011773540173,-7.27096223237458,15,-4.5724188346149
"374","Rachad Wildgoose","CB",1.26281587768407,1.01821745390771,-0.640948893968016,2,-0.244598423776362
"375","Raekwon McMillan","ILB",0.893438509370475,0,0.651910019572824,2,-0.893438509370475
"376","Rashaan Evans","ILB",8.05545674677334,1.50028400978772,-2.23418558371487,11,-6.55517273698562
"377","Rashad Fenton","CB",6.44988882820429,4.75591112306575,3.60674017615384,10,-1.69397770513855
"378","Rashad Weaver","OLB",0.762898897192243,1.21390333329327,-0.542556038824841,1,0.451004436101027
"379","Rasul Douglas","CB",14.9001987266836,11.15818375703,-3.8346997969784,17,-3.74201496965366
"380","Rayshawn Jenkins","SS",8.39891404867968,7.0902735053096,6.73793829942587,13,-1.30864054337009
"381","Richie Grant","SS",5.44243643126432,1.73441095888847,4.74918064899975,8,-3.70802547237585
"382","Robert Spillane","ILB",5.19316326729256,8.02732725068926,0.486271177360317,6,2.8341639833967
"383","Rock Ya-Sin","CB",3.59710527262563,2.21960781549569,3.13541919254931,8,-1.37749745712994
"384","Roderic Teamer","SS",0.140226501153996,0,2.18276349199004,1,-0.140226501153996
"385","Rodney McLeod","FS",5.61395840842364,1.11193470004946,2.17834826471516,8,-4.50202370837419
"386","Rodney Thomas","FS",1.49282803863276,0,4.16862688143738,3,-1.49282803863276
"387","Roger McCreary","CB",13.0536753193191,8.77284912345931,5.38415877573425,20,-4.28082619585978
"388","Ronald Darby","CB",2.20486171772882,1.31802811918897,6.08452671510167,6,-0.886833598539851
"389","Ronnie Harrison","SS",0.246291465722224,0.677922865375876,2.31611330644228,1,0.431631399653652
"390","Roquan Smith","ILB",7.59819604931898,5.90807081398089,-2.45541097986279,8,-1.69012523533809
"391","Ross Blacklock","DT",0.7317550379236,0,1.5442160256207,1,-0.7317550379236
"392","Rudy Ford","SS",0.774162716530369,0,1.75940028787591,1,-0.774162716530369
"393","Ryan Neal","SS",9.03237638119955,3.38115749962162,-0.881309010088429,9,-5.65121888157793
"394","Sam Hubbard","DE",2.30570339225061,1.45829741295893,-0.945764881034851,3,-0.847405979291686
"395","Samuel Womack","CB",1.44109291221861,0.330404105363414,-1.03509687259793,1,-1.1106888068552
"396","Sean Murphy-Bunting","CB",0.167212571455087,0,2.26006510388106,1,-0.167212571455087
"397","Shaq Thompson","ILB",2.1231191506303,1.3166346080834,2.6968120050151,5,-0.806484542546896
"398","Shaquill Griffin","CB",8.64287844626548,9.78413592255674,0.98534630954964,13,1.14125747629127
"399","Shaquille Leonard","MLB",0.793840006145329,0,-0.319290713290684,1,-0.793840006145329
"400","Shaun Wade","CB",0.229484888019454,0.325149295909796,2.6930287561845,1,0.095664407890342
"401","Sheldon Rankins","DT",1.29955196096809,0.757309601642191,-1.07458252063952,1,-0.542242359325899
"402","Sidney Jones","CB",0.951999946855014,-0.259363453486003,1.01551773794927,2,-1.21136340034102
"403","Sione Takitaki","OLB",6.70146124739326,5.75518091733101,-5.01719651720487,5,-0.946280330062253
"404","Siran Neal","CB",0.288153211353585,0.0625502085313201,1.00814806949347,1,-0.225603002822265
"405","Stephon Gilmore","CB",12.0357123650281,8.38752874505007,-0.990718619461415,12,-3.64818361997799
"406","Steven Nelson","CB",6.95094821255701,2.41585144866257,1.04508392891149,9,-4.53509676389443
"407","T.J. Edwards","ILB",8.70103610556512,5.63577752315905,-1.37585038685938,12,-3.06525858240607
"408","Tae Crowder","ILB",4.54745983564268,4.2331456693355,-1.79613396991045,4,-0.314314166307176
"409","Talanoa Hufanga","SS",7.92572196243693,7.2176406426588,-1.00518990022665,10,-0.70808131977813
"410","Tanner Vallejo","ILB",1.23815737405994,0.746822355082259,-0.924767312593758,1,-0.491335018977681
"411","Tariq Woolen","CB",4.36358878857747,1.79868498787982,8.50897912232903,10,-2.56490380069765
"412","Taron Johnson","CB",4.71997183489196,3.70485417245072,3.05266133582336,10,-1.01511766244124
"413","Tashaun Gipson","FS",4.55662023355726,2.20496797189116,7.04520321555901,5,-2.3516522616661
"414","Taven Bryan","DT",0.239188592915072,0,2.3493255218491,1,-0.239188592915072
"415","Taylor Rapp","FS",1.93195416969686,7.19244610448368,2.95013781357556,5,5.26049193478682
"416","Teair Tart","DT",1.21023427843519,0.662168911425397,-1.18655834486708,1,-0.548065367009793
"417","Terrance Mitchell","CB",9.59265448336767,1.91814217209189,8.28125587198884,16,-7.67451231127578
"418","Terrel Bernard","OLB",1.26926054758639,1.14938323223032,-1.1488550202921,1,-0.11987731535607
"419","Terrell Edmunds","SS",0.989613874811331,1.49680099138641,5.67497147823452,4,0.507187116575076
"420","Terrell Lewis","OLB",1.2191440316299,0.729962645680644,-0.878141943132505,1,-0.489181385949256
"421","Thomas Booker","DT",1.25078242052054,0.510513137327507,-1.09983760560863,1,-0.740269283193033
"422","Tony Jefferson","SS",1.18969840600462,0.385041199275292,-0.1969311486464,2,-0.804657206729327
"423","Travon Walker","OLB",1.13490197721475,0.356852482073009,0.0029606590978799,2,-0.778049495141737
"424","Trayvon Mullen","CB",0.817471657094116,2.4973134889733,-0.43737276061438,1,1.67984183187918
"425","Tre Avery","CB",2.24044339139036,3.77133804780896,-1.11241793667432,2,1.53089465641861
"426","Tre Flowers","CB",2.43264545314503,1.75559259066359,-1.31702030089218,3,-0.677052862481445
"427","Tre Herndon","CB",2.70640364800752,2.41993076476501,1.82820848777192,5,-0.286472883242504
"428","Tre Norwood","FS",6.06883403059349,2.9604319013888,-0.418276712764052,7,-3.10840212920469
"429","Tremaine Edmunds","ILB",5.92297520377778,1.6163717991735,-1.1603058790497,8,-4.30660340460428
"430","Trevon Diggs","CB",5.97674224419623,-3.0925447185291,4.47032493061852,9,-9.06928696272533
"431","Trevon Moehrig","FS",0.968583206195995,1.27516882296186,3.49422247847542,2,0.306585616765864
"432","Troy Andersen","ILB",5.18698563531558,5.77405452466337,-0.977088721992913,8,0.587068889347788
"433","Troy Hill","CB",3.32470205275314,2.65943221503403,-0.307978713186454,4,-0.665269837719108
"434","Tyrann Mathieu","FS",4.96135240533364,13.8656275664689,-3.0078516859794,7,8.90427516113527
"435","Tyrel Dodson","MLB",0.217502993010231,0.165867836331017,1.18020048097242,1,-0.051635156679214
"436","Tyson Campbell","CB",9.8116657533428,7.42063645989401,-0.708148740814069,14,-2.39102929344878
"437","Uchenna Nwosu","OLB",3.46617614513832,3.52176288503688,-2.91054824914317,3,0.0555867398985601
"438","Victor Dimukeje","OLB",0.534634339458551,0.280682552140206,-0.0524465665221214,1,-0.253951787318345
"439","Von Miller","OLB",0.277294888271255,0,2.04779081593733,1,-0.277294888271255
"440","Vonn Bell","SS",7.96494217964718,4.72232601267751,3.65295003121718,11,-3.24261616696967
"441","Will Harris","SS",5.95307004686883,3.07395924598677,3.61675039300463,8,-2.87911080088205
"442","William Jackson","CB",5.42669437820248,0.0094157729181457,1.41081197691097,7,-5.41727860528433
"443","Willie Gay","OLB",7.73572736649586,4.17614015663276,-2.52919388085138,7,-3.55958720986311
"444","Xavien Howard","CB",6.04393207249679,9.54187827732407,4.74886588210939,11,3.49794620482728
"445","Xavier McKinney","FS",2.10839808117922,0.742307921522297,5.87662696582265,6,-1.36609015965692
"446","Xavier Woods","FS",1.52235644025046,0.0329749824013561,3.96786713489564,4,-1.4893814578491
"447","Yannick Ngakoue","DE",1.01209234135791,1.62543517828453,-0.802811477624346,1,0.61334283692662
"448","Zach Cunningham","ILB",1.15265488417872,0,0.520659059402532,2,-1.15265488417872
"449","Zach Sieler","DT",1.44749522251288,0.556587273254991,-1.46595894009806,1,-0.890907949257889
"450","Zaire Franklin","OLB",6.40097626047331,8.54696478246479,-1.3847574138199,9,2.14598852199148
"451","Zaven Collins","OLB",8.05265054997616,7.47853297309485,-3.71648626192473,11,-0.574117576881307
"452","Zech McPhearson","CB",0.410284255533983,0,1.62420068262145,1,-0.410284255533983
"453","Zyon McCollum","CB",1.9788746645228,1.66410949459532,3.22171605983749,5,-0.314765169927473
